Date,Time,Activity,User
2025-05-04,00:08:05,User pex login,pex
2025-05-04,00:08:14,Viewed personalized recommendations,pex
2025-05-04,00:08:58,Admin admin login,admin
2025-05-04,00:10:17,Admin admin login,admin
2025-05-04,00:11:37,Admin admin login,admin
2025-05-04,00:12:19,Admin admin login,admin
2025-05-04,00:12:31,Add kuy,Admin
2025-05-04,00:13:15,Edit kuy,Admin
2025-05-04,00:13:15,Edit kuy,Admin
2025-05-04,00:14:35,Delete kuy,Admin
2025-05-04,00:14:35,Delete kuy,Admin
2025-05-04,00:19:44,User pex login,pex
2025-05-04,00:19:47,Viewed personalized recommendations,pex
2025-05-04,00:25:02,Admin admin login,admin
2025-05-04,00:25:16,Add ieie1,Admin
2025-05-04,00:25:25,Add ieie2,Admin
2025-05-04,00:32:05,Admin admin login,admin
2025-05-04,00:34:29,Admin admin login,admin
2025-05-04,00:35:50,Admin admin login,admin
2025-05-04,00:42:55,Admin admin login,admin
2025-05-04,00:43:10,Add relation ieie1 <-> ieie2,Admin
2025-05-04,00:43:44,Add relation ieie1 <-> ieie2,Admin
2025-05-04,00:44:39,Admin admin login,admin
2025-05-04,00:44:44,Add relation ieie1 <-> ieie2,Admin
2025-05-04,00:50:19,Admin admin login,admin
2025-05-04,00:50:26,Add relation ieie1 <-> ieie2,Admin
2025-05-04,00:52:32,Admin admin login,admin
2025-05-04,00:53:06,Add relation ieie1 <-> ieie2,Admin
2025-05-04,00:53:26,Add relation ieie1 <-> ieie2,Admin
2025-05-04,00:53:38,Add relation ieie1 <-> ieie2,Admin
2025-05-04,00:54:41,Admin admin login,admin
2025-05-04,00:54:49,Add relation ieie1 <-> ieie2,Admin
2025-05-04,01:00:05,Admin 1 login,1
2025-05-04,01:00:15,Add relation ieie1 <-> ieie2,Admin
2025-05-04,01:01:14,Add relation ieie1 <-> ieie2,Admin
2025-05-04,01:02:42,Relation added: TheWitcher3:WildHunt -> Cyberpunk2077,Admin
2025-05-04,01:02:42,Relation added: Cyberpunk2077 -> TheWitcher3:WildHunt,Admin
2025-05-04,01:02:42,Relation added: EldenRing -> Demon'sSouls,Admin
2025-05-04,01:02:42,Relation added: Demon'sSouls -> EldenRing,Admin
2025-05-04,01:02:42,Relation added: GrandTheftAutoV -> RedDeadRedemption2,Admin
2025-05-04,01:02:42,Relation added: RedDeadRedemption2 -> GrandTheftAutoV,Admin
2025-05-04,01:02:42,Relation added: CallofDuty:ModernWarfareII -> Overwatch2,Admin
2025-05-04,01:02:42,Relation added: Overwatch2 -> CallofDuty:ModernWarfareII,Admin
2025-05-04,01:02:42,Relation added: FIFA23 -> NBA2K23,Admin
2025-05-04,01:02:42,Relation added: NBA2K23 -> FIFA23,Admin
2025-05-04,01:02:42,Relation added: FIFA23 -> MaddenNFL23,Admin
2025-05-04,01:02:42,Relation added: MaddenNFL23 -> FIFA23,Admin
2025-05-04,01:02:42,Relation added: NBA2K23 -> MaddenNFL23,Admin
2025-05-04,01:02:42,Relation added: MaddenNFL23 -> NBA2K23,Admin
2025-05-04,01:02:42,Relation added: Fortnite -> PUBG,Admin
2025-05-04,01:02:42,Relation added: PUBG -> Fortnite,Admin
2025-05-04,01:02:42,Relation added: Valorant -> Counter-Strike2,Admin
2025-05-04,01:02:42,Relation added: Counter-Strike2 -> Valorant,Admin
2025-05-04,01:02:42,Relation added: LeagueofLegends -> Dota2,Admin
2025-05-04,01:02:42,Relation added: Dota2 -> LeagueofLegends,Admin
2025-05-04,01:02:42,Relation added: Minecraft -> Roblox,Admin
2025-05-04,01:02:42,Relation added: Roblox -> Minecraft,Admin
2025-05-04,01:02:42,Relation added: AmongUs -> FallGuys,Admin
2025-05-04,01:02:42,Relation added: FallGuys -> AmongUs,Admin
2025-05-04,01:02:42,Relation added: StardewValley -> AnimalCrossing:NewHorizons,Admin
2025-05-04,01:02:42,Relation added: AnimalCrossing:NewHorizons -> StardewValley,Admin
2025-05-04,01:02:42,Relation added: GodofWarRagnarok -> GhostofTsushima,Admin
2025-05-04,01:02:42,Relation added: GhostofTsushima -> GodofWarRagnarok,Admin
2025-05-04,01:02:42,Relation added: HorizonForbiddenWest -> TheWitcher3:WildHunt,Admin
2025-05-04,01:02:42,Relation added: TheWitcher3:WildHunt -> HorizonForbiddenWest,Admin
2025-05-04,01:02:42,Relation added: Spider-Man:MilesMorales -> GhostofTsushima,Admin
2025-05-04,01:02:42,Relation added: GhostofTsushima -> Spider-Man:MilesMorales,Admin
2025-05-04,01:02:42,Relation added: ResidentEvil4 -> DeadSpace,Admin
2025-05-04,01:02:42,Relation added: DeadSpace -> ResidentEvil4,Admin
2025-05-04,01:02:42,Relation added: TheLastofUsPartI -> GhostofTsushima,Admin
2025-05-04,01:02:42,Relation added: GhostofTsushima -> TheLastofUsPartI,Admin
2025-05-04,01:02:42,Relation added: Returnal -> Hades,Admin
2025-05-04,01:02:42,Relation added: Hades -> Returnal,Admin
2025-05-04,01:02:42,Relation added: Hades -> DeadCells,Admin
2025-05-04,01:02:42,Relation added: DeadCells -> Hades,Admin
2025-05-04,01:02:42,Relation added: DiabloIV -> FinalFantasyXVI,Admin
2025-05-04,01:02:42,Relation added: FinalFantasyXVI -> DiabloIV,Admin
2025-05-04,01:02:42,Relation added: StreetFighter6 -> MortalKombat1,Admin
2025-05-04,01:02:42,Relation added: MortalKombat1 -> StreetFighter6,Admin
2025-05-04,01:02:42,Relation added: StreetFighter6 -> Tekken7,Admin
2025-05-04,01:02:42,Relation added: Tekken7 -> StreetFighter6,Admin
2025-05-04,01:02:42,Relation added: MortalKombat1 -> Tekken7,Admin
2025-05-04,01:02:42,Relation added: Tekken7 -> MortalKombat1,Admin
2025-05-04,01:02:42,Relation added: ForzaHorizon5 -> GranTurismo7,Admin
2025-05-04,01:02:42,Relation added: GranTurismo7 -> ForzaHorizon5,Admin
2025-05-04,01:02:42,Relation added: SeaofThieves -> Grounded,Admin
2025-05-04,01:02:42,Relation added: Grounded -> SeaofThieves,Admin
2025-05-04,01:02:48,Admin 1 login,1
2025-05-04,01:02:56,Relation added: ieie1 -> ieie2,Admin
2025-05-04,01:02:56,Relation added: ieie2 -> ieie1,Admin
2025-05-04,01:06:17,Relation added: TheWitcher3:WildHunt -> Cyberpunk2077,Admin
2025-05-04,01:06:17,Relation added: Cyberpunk2077 -> TheWitcher3:WildHunt,Admin
2025-05-04,01:06:17,Relation added: EldenRing -> Demon'sSouls,Admin
2025-05-04,01:06:17,Relation added: Demon'sSouls -> EldenRing,Admin
2025-05-04,01:06:17,Relation added: GrandTheftAutoV -> RedDeadRedemption2,Admin
2025-05-04,01:06:17,Relation added: RedDeadRedemption2 -> GrandTheftAutoV,Admin
2025-05-04,01:06:17,Relation added: CallofDuty:ModernWarfareII -> Overwatch2,Admin
2025-05-04,01:06:17,Relation added: Overwatch2 -> CallofDuty:ModernWarfareII,Admin
2025-05-04,01:06:17,Relation added: FIFA23 -> NBA2K23,Admin
2025-05-04,01:06:17,Relation added: NBA2K23 -> FIFA23,Admin
2025-05-04,01:06:17,Relation added: FIFA23 -> MaddenNFL23,Admin
2025-05-04,01:06:17,Relation added: MaddenNFL23 -> FIFA23,Admin
2025-05-04,01:06:17,Relation added: NBA2K23 -> MaddenNFL23,Admin
2025-05-04,01:06:17,Relation added: MaddenNFL23 -> NBA2K23,Admin
2025-05-04,01:06:17,Relation added: Fortnite -> PUBG,Admin
2025-05-04,01:06:17,Relation added: PUBG -> Fortnite,Admin
2025-05-04,01:06:17,Relation added: Valorant -> Counter-Strike2,Admin
2025-05-04,01:06:17,Relation added: Counter-Strike2 -> Valorant,Admin
2025-05-04,01:06:17,Relation added: LeagueofLegends -> Dota2,Admin
2025-05-04,01:06:17,Relation added: Dota2 -> LeagueofLegends,Admin
2025-05-04,01:06:17,Relation added: Minecraft -> Roblox,Admin
2025-05-04,01:06:17,Relation added: Roblox -> Minecraft,Admin
2025-05-04,01:06:17,Relation added: AmongUs -> FallGuys,Admin
2025-05-04,01:06:17,Relation added: FallGuys -> AmongUs,Admin
2025-05-04,01:06:17,Relation added: StardewValley -> AnimalCrossing:NewHorizons,Admin
2025-05-04,01:06:17,Relation added: AnimalCrossing:NewHorizons -> StardewValley,Admin
2025-05-04,01:06:17,Relation added: GodofWarRagnarok -> GhostofTsushima,Admin
2025-05-04,01:06:17,Relation added: GhostofTsushima -> GodofWarRagnarok,Admin
2025-05-04,01:06:17,Relation added: HorizonForbiddenWest -> TheWitcher3:WildHunt,Admin
2025-05-04,01:06:17,Relation added: TheWitcher3:WildHunt -> HorizonForbiddenWest,Admin
2025-05-04,01:06:17,Relation added: Spider-Man:MilesMorales -> GhostofTsushima,Admin
2025-05-04,01:06:17,Relation added: GhostofTsushima -> Spider-Man:MilesMorales,Admin
2025-05-04,01:06:17,Relation added: ResidentEvil4 -> DeadSpace,Admin
2025-05-04,01:06:17,Relation added: DeadSpace -> ResidentEvil4,Admin
2025-05-04,01:06:17,Relation added: TheLastofUsPartI -> GhostofTsushima,Admin
2025-05-04,01:06:17,Relation added: GhostofTsushima -> TheLastofUsPartI,Admin
2025-05-04,01:06:18,Relation added: Returnal -> Hades,Admin
2025-05-04,01:06:18,Relation added: Hades -> Returnal,Admin
2025-05-04,01:06:18,Relation added: Hades -> DeadCells,Admin
2025-05-04,01:06:18,Relation added: DeadCells -> Hades,Admin
2025-05-04,01:06:18,Relation added: DiabloIV -> FinalFantasyXVI,Admin
2025-05-04,01:06:18,Relation added: FinalFantasyXVI -> DiabloIV,Admin
2025-05-04,01:06:18,Relation added: StreetFighter6 -> MortalKombat1,Admin
2025-05-04,01:06:18,Relation added: MortalKombat1 -> StreetFighter6,Admin
2025-05-04,01:06:18,Relation added: StreetFighter6 -> Tekken7,Admin
2025-05-04,01:06:18,Relation added: Tekken7 -> StreetFighter6,Admin
2025-05-04,01:06:18,Relation added: MortalKombat1 -> Tekken7,Admin
2025-05-04,01:06:18,Relation added: Tekken7 -> MortalKombat1,Admin
2025-05-04,01:06:18,Relation added: ForzaHorizon5 -> GranTurismo7,Admin
2025-05-04,01:06:18,Relation added: GranTurismo7 -> ForzaHorizon5,Admin
2025-05-04,01:06:18,Relation added: SeaofThieves -> Grounded,Admin
2025-05-04,01:06:18,Relation added: Grounded -> SeaofThieves,Admin
2025-05-04,01:06:18,Relation added: ieie1 -> ieie2,Admin
2025-05-04,01:06:18,Relation added: ieie2 -> ieie1,Admin
2025-05-04,01:06:21,Admin 1 login,1
2025-05-04,01:08:10,Relation added: TheWitcher3:WildHunt -> Cyberpunk2077,Admin
2025-05-04,01:08:10,Relation added: Cyberpunk2077 -> TheWitcher3:WildHunt,Admin
2025-05-04,01:08:10,Relation added: EldenRing -> Demon'sSouls,Admin
2025-05-04,01:08:10,Relation added: Demon'sSouls -> EldenRing,Admin
2025-05-04,01:08:10,Relation added: GrandTheftAutoV -> RedDeadRedemption2,Admin
2025-05-04,01:08:10,Relation added: RedDeadRedemption2 -> GrandTheftAutoV,Admin
2025-05-04,01:08:10,Relation added: CallofDuty:ModernWarfareII -> Overwatch2,Admin
2025-05-04,01:08:10,Relation added: Overwatch2 -> CallofDuty:ModernWarfareII,Admin
2025-05-04,01:08:10,Relation added: FIFA23 -> NBA2K23,Admin
2025-05-04,01:08:10,Relation added: NBA2K23 -> FIFA23,Admin
2025-05-04,01:08:10,Relation added: FIFA23 -> MaddenNFL23,Admin
2025-05-04,01:08:10,Relation added: MaddenNFL23 -> FIFA23,Admin
2025-05-04,01:08:10,Relation added: NBA2K23 -> MaddenNFL23,Admin
2025-05-04,01:08:10,Relation added: MaddenNFL23 -> NBA2K23,Admin
2025-05-04,01:08:10,Relation added: Fortnite -> PUBG,Admin
2025-05-04,01:08:10,Relation added: PUBG -> Fortnite,Admin
2025-05-04,01:08:10,Relation added: Valorant -> Counter-Strike2,Admin
2025-05-04,01:08:10,Relation added: Counter-Strike2 -> Valorant,Admin
2025-05-04,01:08:10,Relation added: LeagueofLegends -> Dota2,Admin
2025-05-04,01:08:10,Relation added: Dota2 -> LeagueofLegends,Admin
2025-05-04,01:08:10,Relation added: Minecraft -> Roblox,Admin
2025-05-04,01:08:10,Relation added: Roblox -> Minecraft,Admin
2025-05-04,01:08:10,Relation added: AmongUs -> FallGuys,Admin
2025-05-04,01:08:10,Relation added: FallGuys -> AmongUs,Admin
2025-05-04,01:08:10,Relation added: StardewValley -> AnimalCrossing:NewHorizons,Admin
2025-05-04,01:08:10,Relation added: AnimalCrossing:NewHorizons -> StardewValley,Admin
2025-05-04,01:08:10,Relation added: GodofWarRagnarok -> GhostofTsushima,Admin
2025-05-04,01:08:10,Relation added: GhostofTsushima -> GodofWarRagnarok,Admin
2025-05-04,01:08:10,Relation added: HorizonForbiddenWest -> TheWitcher3:WildHunt,Admin
2025-05-04,01:08:10,Relation added: TheWitcher3:WildHunt -> HorizonForbiddenWest,Admin
2025-05-04,01:08:10,Relation added: Spider-Man:MilesMorales -> GhostofTsushima,Admin
2025-05-04,01:08:10,Relation added: GhostofTsushima -> Spider-Man:MilesMorales,Admin
2025-05-04,01:08:10,Relation added: ResidentEvil4 -> DeadSpace,Admin
2025-05-04,01:08:10,Relation added: DeadSpace -> ResidentEvil4,Admin
2025-05-04,01:08:10,Relation added: TheLastofUsPartI -> GhostofTsushima,Admin
2025-05-04,01:08:10,Relation added: GhostofTsushima -> TheLastofUsPartI,Admin
2025-05-04,01:08:10,Relation added: Returnal -> Hades,Admin
2025-05-04,01:08:10,Relation added: Hades -> Returnal,Admin
2025-05-04,01:08:10,Relation added: Hades -> DeadCells,Admin
2025-05-04,01:08:10,Relation added: DeadCells -> Hades,Admin
2025-05-04,01:08:10,Relation added: DiabloIV -> FinalFantasyXVI,Admin
2025-05-04,01:08:10,Relation added: FinalFantasyXVI -> DiabloIV,Admin
2025-05-04,01:08:10,Relation added: StreetFighter6 -> MortalKombat1,Admin
2025-05-04,01:08:10,Relation added: MortalKombat1 -> StreetFighter6,Admin
2025-05-04,01:08:10,Relation added: StreetFighter6 -> Tekken7,Admin
2025-05-04,01:08:10,Relation added: Tekken7 -> StreetFighter6,Admin
2025-05-04,01:08:10,Relation added: MortalKombat1 -> Tekken7,Admin
2025-05-04,01:08:10,Relation added: Tekken7 -> MortalKombat1,Admin
2025-05-04,01:08:10,Relation added: ForzaHorizon5 -> GranTurismo7,Admin
2025-05-04,01:08:10,Relation added: GranTurismo7 -> ForzaHorizon5,Admin
2025-05-04,01:08:10,Relation added: SeaofThieves -> Grounded,Admin
2025-05-04,01:08:10,Relation added: Grounded -> SeaofThieves,Admin
2025-05-04,01:08:10,Relation added: ieie1 -> ieie2,Admin
2025-05-04,01:08:10,Relation added: ieie2 -> ieie1,Admin
2025-05-04,01:08:12,Admin 1 login,1
2025-05-04,01:10:29,Relation added: TheWitcher3:WildHunt -> Cyberpunk2077,Admin
2025-05-04,01:10:29,Relation added: Cyberpunk2077 -> TheWitcher3:WildHunt,Admin
2025-05-04,01:10:29,Relation added: EldenRing -> Demon'sSouls,Admin
2025-05-04,01:10:29,Relation added: Demon'sSouls -> EldenRing,Admin
2025-05-04,01:10:29,Relation added: GrandTheftAutoV -> RedDeadRedemption2,Admin
2025-05-04,01:10:29,Relation added: RedDeadRedemption2 -> GrandTheftAutoV,Admin
2025-05-04,01:10:29,Relation added: CallofDuty:ModernWarfareII -> Overwatch2,Admin
2025-05-04,01:10:29,Relation added: Overwatch2 -> CallofDuty:ModernWarfareII,Admin
2025-05-04,01:10:29,Relation added: FIFA23 -> NBA2K23,Admin
2025-05-04,01:10:29,Relation added: NBA2K23 -> FIFA23,Admin
2025-05-04,01:10:29,Relation added: FIFA23 -> MaddenNFL23,Admin
2025-05-04,01:10:29,Relation added: MaddenNFL23 -> FIFA23,Admin
2025-05-04,01:10:29,Relation added: NBA2K23 -> MaddenNFL23,Admin
2025-05-04,01:10:30,Relation added: MaddenNFL23 -> NBA2K23,Admin
2025-05-04,01:10:30,Relation added: Fortnite -> PUBG,Admin
2025-05-04,01:10:30,Relation added: PUBG -> Fortnite,Admin
2025-05-04,01:10:30,Relation added: Valorant -> Counter-Strike2,Admin
2025-05-04,01:10:30,Relation added: Counter-Strike2 -> Valorant,Admin
2025-05-04,01:10:30,Relation added: LeagueofLegends -> Dota2,Admin
2025-05-04,01:10:30,Relation added: Dota2 -> LeagueofLegends,Admin
2025-05-04,01:10:30,Relation added: Minecraft -> Roblox,Admin
2025-05-04,01:10:30,Relation added: Roblox -> Minecraft,Admin
2025-05-04,01:10:30,Relation added: AmongUs -> FallGuys,Admin
2025-05-04,01:10:30,Relation added: FallGuys -> AmongUs,Admin
2025-05-04,01:10:30,Relation added: StardewValley -> AnimalCrossing:NewHorizons,Admin
2025-05-04,01:10:30,Relation added: AnimalCrossing:NewHorizons -> StardewValley,Admin
2025-05-04,01:10:30,Relation added: GodofWarRagnarok -> GhostofTsushima,Admin
2025-05-04,01:10:30,Relation added: GhostofTsushima -> GodofWarRagnarok,Admin
2025-05-04,01:10:30,Relation added: HorizonForbiddenWest -> TheWitcher3:WildHunt,Admin
2025-05-04,01:10:30,Relation added: TheWitcher3:WildHunt -> HorizonForbiddenWest,Admin
2025-05-04,01:10:30,Relation added: Spider-Man:MilesMorales -> GhostofTsushima,Admin
2025-05-04,01:10:30,Relation added: GhostofTsushima -> Spider-Man:MilesMorales,Admin
2025-05-04,01:10:30,Relation added: ResidentEvil4 -> DeadSpace,Admin
2025-05-04,01:10:30,Relation added: DeadSpace -> ResidentEvil4,Admin
2025-05-04,01:10:30,Relation added: TheLastofUsPartI -> GhostofTsushima,Admin
2025-05-04,01:10:30,Relation added: GhostofTsushima -> TheLastofUsPartI,Admin
2025-05-04,01:10:30,Relation added: Returnal -> Hades,Admin
2025-05-04,01:10:30,Relation added: Hades -> Returnal,Admin
2025-05-04,01:10:30,Relation added: Hades -> DeadCells,Admin
2025-05-04,01:10:30,Relation added: DeadCells -> Hades,Admin
2025-05-04,01:10:30,Relation added: DiabloIV -> FinalFantasyXVI,Admin
2025-05-04,01:10:30,Relation added: FinalFantasyXVI -> DiabloIV,Admin
2025-05-04,01:10:30,Relation added: StreetFighter6 -> MortalKombat1,Admin
2025-05-04,01:10:30,Relation added: MortalKombat1 -> StreetFighter6,Admin
2025-05-04,01:10:30,Relation added: StreetFighter6 -> Tekken7,Admin
2025-05-04,01:10:30,Relation added: Tekken7 -> StreetFighter6,Admin
2025-05-04,01:10:30,Relation added: MortalKombat1 -> Tekken7,Admin
2025-05-04,01:10:30,Relation added: Tekken7 -> MortalKombat1,Admin
2025-05-04,01:10:30,Relation added: ForzaHorizon5 -> GranTurismo7,Admin
2025-05-04,01:10:30,Relation added: GranTurismo7 -> ForzaHorizon5,Admin
2025-05-04,01:10:30,Relation added: SeaofThieves -> Grounded,Admin
2025-05-04,01:10:30,Relation added: Grounded -> SeaofThieves,Admin
2025-05-04,01:10:30,Relation added: ieie1 -> ieie2,Admin
2025-05-04,01:10:30,Relation added: ieie2 -> ieie1,Admin
2025-05-04,01:10:34,Admin 1 login,1
2025-05-04,01:13:27,Relation added: TheWitcher3:WildHunt -> Cyberpunk2077,Admin
2025-05-04,01:13:27,Relation added: Cyberpunk2077 -> TheWitcher3:WildHunt,Admin
2025-05-04,01:13:27,Relation added: EldenRing -> Demon'sSouls,Admin
2025-05-04,01:13:27,Relation added: Demon'sSouls -> EldenRing,Admin
2025-05-04,01:13:27,Relation added: GrandTheftAutoV -> RedDeadRedemption2,Admin
2025-05-04,01:13:27,Relation added: RedDeadRedemption2 -> GrandTheftAutoV,Admin
2025-05-04,01:13:27,Relation added: CallofDuty:ModernWarfareII -> Overwatch2,Admin
2025-05-04,01:13:27,Relation added: Overwatch2 -> CallofDuty:ModernWarfareII,Admin
2025-05-04,01:13:27,Relation added: FIFA23 -> NBA2K23,Admin
2025-05-04,01:13:27,Relation added: NBA2K23 -> FIFA23,Admin
2025-05-04,01:13:27,Relation added: FIFA23 -> MaddenNFL23,Admin
2025-05-04,01:13:27,Relation added: MaddenNFL23 -> FIFA23,Admin
2025-05-04,01:13:27,Relation added: NBA2K23 -> MaddenNFL23,Admin
2025-05-04,01:13:27,Relation added: MaddenNFL23 -> NBA2K23,Admin
2025-05-04,01:13:27,Relation added: Fortnite -> PUBG,Admin
2025-05-04,01:13:27,Relation added: PUBG -> Fortnite,Admin
2025-05-04,01:13:27,Relation added: Valorant -> Counter-Strike2,Admin
2025-05-04,01:13:27,Relation added: Counter-Strike2 -> Valorant,Admin
2025-05-04,01:13:27,Relation added: LeagueofLegends -> Dota2,Admin
2025-05-04,01:13:27,Relation added: Dota2 -> LeagueofLegends,Admin
2025-05-04,01:13:27,Relation added: Minecraft -> Roblox,Admin
2025-05-04,01:13:27,Relation added: Roblox -> Minecraft,Admin
2025-05-04,01:13:27,Relation added: AmongUs -> FallGuys,Admin
2025-05-04,01:13:27,Relation added: FallGuys -> AmongUs,Admin
2025-05-04,01:13:27,Relation added: StardewValley -> AnimalCrossing:NewHorizons,Admin
2025-05-04,01:13:27,Relation added: AnimalCrossing:NewHorizons -> StardewValley,Admin
2025-05-04,01:13:27,Relation added: GodofWarRagnarok -> GhostofTsushima,Admin
2025-05-04,01:13:27,Relation added: GhostofTsushima -> GodofWarRagnarok,Admin
2025-05-04,01:13:27,Relation added: HorizonForbiddenWest -> TheWitcher3:WildHunt,Admin
2025-05-04,01:13:27,Relation added: TheWitcher3:WildHunt -> HorizonForbiddenWest,Admin
2025-05-04,01:13:27,Relation added: Spider-Man:MilesMorales -> GhostofTsushima,Admin
2025-05-04,01:13:27,Relation added: GhostofTsushima -> Spider-Man:MilesMorales,Admin
2025-05-04,01:13:27,Relation added: ResidentEvil4 -> DeadSpace,Admin
2025-05-04,01:13:27,Relation added: DeadSpace -> ResidentEvil4,Admin
2025-05-04,01:13:28,Relation added: TheLastofUsPartI -> GhostofTsushima,Admin
2025-05-04,01:13:28,Relation added: GhostofTsushima -> TheLastofUsPartI,Admin
2025-05-04,01:13:28,Relation added: Returnal -> Hades,Admin
2025-05-04,01:13:28,Relation added: Hades -> Returnal,Admin
2025-05-04,01:13:28,Relation added: Hades -> DeadCells,Admin
2025-05-04,01:13:28,Relation added: DeadCells -> Hades,Admin
2025-05-04,01:13:28,Relation added: DiabloIV -> FinalFantasyXVI,Admin
2025-05-04,01:13:28,Relation added: FinalFantasyXVI -> DiabloIV,Admin
2025-05-04,01:13:28,Relation added: StreetFighter6 -> MortalKombat1,Admin
2025-05-04,01:13:28,Relation added: MortalKombat1 -> StreetFighter6,Admin
2025-05-04,01:13:28,Relation added: StreetFighter6 -> Tekken7,Admin
2025-05-04,01:13:28,Relation added: Tekken7 -> StreetFighter6,Admin
2025-05-04,01:13:28,Relation added: MortalKombat1 -> Tekken7,Admin
2025-05-04,01:13:28,Relation added: Tekken7 -> MortalKombat1,Admin
2025-05-04,01:13:28,Relation added: ForzaHorizon5 -> GranTurismo7,Admin
2025-05-04,01:13:28,Relation added: GranTurismo7 -> ForzaHorizon5,Admin
2025-05-04,01:13:28,Relation added: SeaofThieves -> Grounded,Admin
2025-05-04,01:13:28,Relation added: Grounded -> SeaofThieves,Admin
2025-05-04,01:13:28,Relation added: ieie1 -> ieie2,Admin
2025-05-04,01:13:28,Relation added: ieie2 -> ieie1,Admin
2025-05-04,01:13:33,Admin 1 login,1
2025-05-04,01:16:32,Relation added: TheWitcher3:WildHunt <-> Cyberpunk2077,Admin
2025-05-04,01:16:32,Relation added: EldenRing <-> Demon'sSouls,Admin
2025-05-04,01:16:32,Relation added: GrandTheftAutoV <-> RedDeadRedemption2,Admin
2025-05-04,01:16:32,Relation added: CallofDuty:ModernWarfareII <-> Overwatch2,Admin
2025-05-04,01:16:32,Relation added: FIFA23 <-> NBA2K23,Admin
2025-05-04,01:16:32,Relation added: FIFA23 <-> MaddenNFL23,Admin
2025-05-04,01:16:32,Relation added: NBA2K23 <-> MaddenNFL23,Admin
2025-05-04,01:16:32,Relation added: Fortnite <-> PUBG,Admin
2025-05-04,01:16:32,Relation added: Valorant <-> Counter-Strike2,Admin
2025-05-04,01:16:32,Relation added: LeagueofLegends <-> Dota2,Admin
2025-05-04,01:16:32,Relation added: Minecraft <-> Roblox,Admin
2025-05-04,01:16:32,Relation added: AmongUs <-> FallGuys,Admin
2025-05-04,01:16:32,Relation added: StardewValley <-> AnimalCrossing:NewHorizons,Admin
2025-05-04,01:16:32,Relation added: GodofWarRagnarok <-> GhostofTsushima,Admin
2025-05-04,01:16:32,Relation added: HorizonForbiddenWest <-> TheWitcher3:WildHunt,Admin
2025-05-04,01:16:32,Relation added: Spider-Man:MilesMorales <-> GhostofTsushima,Admin
2025-05-04,01:16:32,Relation added: ResidentEvil4 <-> DeadSpace,Admin
2025-05-04,01:16:32,Relation added: TheLastofUsPartI <-> GhostofTsushima,Admin
2025-05-04,01:16:32,Relation added: Returnal <-> Hades,Admin
2025-05-04,01:16:32,Relation added: Hades <-> DeadCells,Admin
2025-05-04,01:16:32,Relation added: DiabloIV <-> FinalFantasyXVI,Admin
2025-05-04,01:16:32,Relation added: StreetFighter6 <-> MortalKombat1,Admin
2025-05-04,01:16:32,Relation added: StreetFighter6 <-> Tekken7,Admin
2025-05-04,01:16:32,Relation added: MortalKombat1 <-> Tekken7,Admin
2025-05-04,01:16:32,Relation added: ForzaHorizon5 <-> GranTurismo7,Admin
2025-05-04,01:16:32,Relation added: SeaofThieves <-> Grounded,Admin
2025-05-04,01:16:47,Admin 1 login,1
2025-05-04,01:16:58,Relation added: ieie1 <-> ieie2,Admin
2025-05-04,01:18:04,Relation added: TheWitcher3:WildHunt <-> Cyberpunk2077,Admin
2025-05-04,01:18:04,Relation added: EldenRing <-> Demon'sSouls,Admin
2025-05-04,01:18:04,Relation added: GrandTheftAutoV <-> RedDeadRedemption2,Admin
2025-05-04,01:18:04,Relation added: CallofDuty:ModernWarfareII <-> Overwatch2,Admin
2025-05-04,01:18:04,Relation added: FIFA23 <-> NBA2K23,Admin
2025-05-04,01:18:04,Relation added: FIFA23 <-> MaddenNFL23,Admin
2025-05-04,01:18:04,Relation added: NBA2K23 <-> MaddenNFL23,Admin
2025-05-04,01:18:04,Relation added: Fortnite <-> PUBG,Admin
2025-05-04,01:18:04,Relation added: Valorant <-> Counter-Strike2,Admin
2025-05-04,01:18:04,Relation added: LeagueofLegends <-> Dota2,Admin
2025-05-04,01:18:04,Relation added: Minecraft <-> Roblox,Admin
2025-05-04,01:18:04,Relation added: AmongUs <-> FallGuys,Admin
2025-05-04,01:18:04,Relation added: StardewValley <-> AnimalCrossing:NewHorizons,Admin
2025-05-04,01:18:04,Relation added: GodofWarRagnarok <-> GhostofTsushima,Admin
2025-05-04,01:18:04,Relation added: HorizonForbiddenWest <-> TheWitcher3:WildHunt,Admin
2025-05-04,01:18:04,Relation added: Spider-Man:MilesMorales <-> GhostofTsushima,Admin
2025-05-04,01:18:04,Relation added: ResidentEvil4 <-> DeadSpace,Admin
2025-05-04,01:18:04,Relation added: TheLastofUsPartI <-> GhostofTsushima,Admin
2025-05-04,01:18:04,Relation added: Returnal <-> Hades,Admin
2025-05-04,01:18:04,Relation added: Hades <-> DeadCells,Admin
2025-05-04,01:18:04,Relation added: DiabloIV <-> FinalFantasyXVI,Admin
2025-05-04,01:18:04,Relation added: StreetFighter6 <-> MortalKombat1,Admin
2025-05-04,01:18:04,Relation added: StreetFighter6 <-> Tekken7,Admin
2025-05-04,01:18:04,Relation added: MortalKombat1 <-> Tekken7,Admin
2025-05-04,01:18:04,Relation added: ForzaHorizon5 <-> GranTurismo7,Admin
2025-05-04,01:18:04,Relation added: SeaofThieves <-> Grounded,Admin
2025-05-04,01:24:30,Relation added: TheWitcher3:WildHunt <-> Cyberpunk2077,Admin
2025-05-04,01:24:30,Relation added: EldenRing <-> Demon'sSouls,Admin
2025-05-04,01:24:30,Relation added: GrandTheftAutoV <-> RedDeadRedemption2,Admin
2025-05-04,01:24:30,Relation added: CallofDuty:ModernWarfareII <-> Overwatch2,Admin
2025-05-04,01:24:30,Relation added: FIFA23 <-> NBA2K23,Admin
2025-05-04,01:24:30,Relation added: FIFA23 <-> MaddenNFL23,Admin
2025-05-04,01:24:30,Relation added: NBA2K23 <-> MaddenNFL23,Admin
2025-05-04,01:24:30,Relation added: Fortnite <-> PUBG,Admin
2025-05-04,01:24:30,Relation added: Valorant <-> Counter-Strike2,Admin
2025-05-04,01:24:30,Relation added: LeagueofLegends <-> Dota2,Admin
2025-05-04,01:24:30,Relation added: Minecraft <-> Roblox,Admin
2025-05-04,01:24:30,Relation added: AmongUs <-> FallGuys,Admin
2025-05-04,01:24:30,Relation added: StardewValley <-> AnimalCrossing:NewHorizons,Admin
2025-05-04,01:24:30,Relation added: GodofWarRagnarok <-> GhostofTsushima,Admin
2025-05-04,01:24:30,Relation added: HorizonForbiddenWest <-> TheWitcher3:WildHunt,Admin
2025-05-04,01:24:30,Relation added: Spider-Man:MilesMorales <-> GhostofTsushima,Admin
2025-05-04,01:24:30,Relation added: ResidentEvil4 <-> DeadSpace,Admin
2025-05-04,01:24:30,Relation added: TheLastofUsPartI <-> GhostofTsushima,Admin
2025-05-04,01:24:30,Relation added: Returnal <-> Hades,Admin
2025-05-04,01:24:30,Relation added: Hades <-> DeadCells,Admin
2025-05-04,01:24:30,Relation added: DiabloIV <-> FinalFantasyXVI,Admin
2025-05-04,01:24:30,Relation added: StreetFighter6 <-> MortalKombat1,Admin
2025-05-04,01:24:30,Relation added: StreetFighter6 <-> Tekken7,Admin
2025-05-04,01:24:30,Relation added: MortalKombat1 <-> Tekken7,Admin
2025-05-04,01:24:30,Relation added: ForzaHorizon5 <-> GranTurismo7,Admin
2025-05-04,01:24:30,Relation added: SeaofThieves <-> Grounded,Admin
2025-05-04,01:27:19,Relation added: TheWitcher3:WildHunt <-> Cyberpunk2077,Admin
2025-05-04,01:27:19,Relation added: EldenRing <-> Demon'sSouls,Admin
2025-05-04,01:27:19,Relation added: GrandTheftAutoV <-> RedDeadRedemption2,Admin
2025-05-04,01:27:19,Relation added: CallofDuty:ModernWarfareII <-> Overwatch2,Admin
2025-05-04,01:27:19,Relation added: FIFA23 <-> NBA2K23,Admin
2025-05-04,01:27:19,Relation added: FIFA23 <-> MaddenNFL23,Admin
2025-05-04,01:27:19,Relation added: NBA2K23 <-> MaddenNFL23,Admin
2025-05-04,01:27:19,Relation added: Fortnite <-> PUBG,Admin
2025-05-04,01:27:19,Relation added: Valorant <-> Counter-Strike2,Admin
2025-05-04,01:27:19,Relation added: LeagueofLegends <-> Dota2,Admin
2025-05-04,01:27:19,Relation added: Minecraft <-> Roblox,Admin
2025-05-04,01:27:19,Relation added: AmongUs <-> FallGuys,Admin
2025-05-04,01:27:19,Relation added: StardewValley <-> AnimalCrossing:NewHorizons,Admin
2025-05-04,01:27:19,Relation added: GodofWarRagnarok <-> GhostofTsushima,Admin
2025-05-04,01:27:19,Relation added: HorizonForbiddenWest <-> TheWitcher3:WildHunt,Admin
2025-05-04,01:27:19,Relation added: Spider-Man:MilesMorales <-> GhostofTsushima,Admin
2025-05-04,01:27:19,Relation added: ResidentEvil4 <-> DeadSpace,Admin
2025-05-04,01:27:19,Relation added: TheLastofUsPartI <-> GhostofTsushima,Admin
2025-05-04,01:27:19,Relation added: Returnal <-> Hades,Admin
2025-05-04,01:27:19,Relation added: Hades <-> DeadCells,Admin
2025-05-04,01:27:19,Relation added: DiabloIV <-> FinalFantasyXVI,Admin
2025-05-04,01:27:19,Relation added: StreetFighter6 <-> MortalKombat1,Admin
2025-05-04,01:27:19,Relation added: StreetFighter6 <-> Tekken7,Admin
2025-05-04,01:27:19,Relation added: MortalKombat1 <-> Tekken7,Admin
2025-05-04,01:27:19,Relation added: ForzaHorizon5 <-> GranTurismo7,Admin
2025-05-04,01:27:19,Relation added: SeaofThieves <-> Grounded,Admin
2025-05-04,01:35:33,Relation added: TheWitcher3:WildHunt <-> Cyberpunk2077,Admin
2025-05-04,01:35:33,Relation added: EldenRing <-> Demon'sSouls,Admin
2025-05-04,01:35:33,Relation added: GrandTheftAutoV <-> RedDeadRedemption2,Admin
2025-05-04,01:35:33,Relation added: CallofDuty:ModernWarfareII <-> Overwatch2,Admin
2025-05-04,01:35:33,Relation added: FIFA23 <-> NBA2K23,Admin
2025-05-04,01:35:33,Relation added: FIFA23 <-> MaddenNFL23,Admin
2025-05-04,01:35:33,Relation added: NBA2K23 <-> MaddenNFL23,Admin
2025-05-04,01:35:33,Relation added: Fortnite <-> PUBG,Admin
2025-05-04,01:35:33,Relation added: Valorant <-> Counter-Strike2,Admin
2025-05-04,01:35:33,Relation added: LeagueofLegends <-> Dota2,Admin
2025-05-04,01:35:33,Relation added: Minecraft <-> Roblox,Admin
2025-05-04,01:35:33,Relation added: AmongUs <-> FallGuys,Admin
2025-05-04,01:35:33,Relation added: StardewValley <-> AnimalCrossing:NewHorizons,Admin
2025-05-04,01:35:33,Relation added: GodofWarRagnarok <-> GhostofTsushima,Admin
2025-05-04,01:35:33,Relation added: HorizonForbiddenWest <-> TheWitcher3:WildHunt,Admin
2025-05-04,01:35:34,Relation added: Spider-Man:MilesMorales <-> GhostofTsushima,Admin
2025-05-04,01:35:34,Relation added: ResidentEvil4 <-> DeadSpace,Admin
2025-05-04,01:35:34,Relation added: TheLastofUsPartI <-> GhostofTsushima,Admin
2025-05-04,01:35:34,Relation added: Returnal <-> Hades,Admin
2025-05-04,01:35:34,Relation added: Hades <-> DeadCells,Admin
2025-05-04,01:35:34,Relation added: DiabloIV <-> FinalFantasyXVI,Admin
2025-05-04,01:35:34,Relation added: StreetFighter6 <-> MortalKombat1,Admin
2025-05-04,01:35:34,Relation added: StreetFighter6 <-> Tekken7,Admin
2025-05-04,01:35:34,Relation added: MortalKombat1 <-> Tekken7,Admin
2025-05-04,01:35:34,Relation added: ForzaHorizon5 <-> GranTurismo7,Admin
2025-05-04,01:35:34,Relation added: SeaofThieves <-> Grounded,Admin
2025-05-04,01:35:34,Relation added: AgeofEmpiresIV <-> CivilizationVI,Admin
2025-05-04,01:50:45,Relation added: TheWitcher3:WildHunt <-> Cyberpunk2077,Admin
2025-05-04,01:50:45,Relation added: EldenRing <-> Demon'sSouls,Admin
2025-05-04,01:50:45,Relation added: GrandTheftAutoV <-> RedDeadRedemption2,Admin
2025-05-04,01:50:45,Relation added: CallofDuty:ModernWarfareII <-> Overwatch2,Admin
2025-05-04,01:50:45,Relation added: FIFA23 <-> NBA2K23,Admin
2025-05-04,01:50:45,Relation added: FIFA23 <-> MaddenNFL23,Admin
2025-05-04,01:50:45,Relation added: NBA2K23 <-> MaddenNFL23,Admin
2025-05-04,01:50:45,Relation added: Fortnite <-> PUBG,Admin
2025-05-04,01:50:45,Relation added: Valorant <-> Counter-Strike2,Admin
2025-05-04,01:50:45,Relation added: LeagueofLegends <-> Dota2,Admin
2025-05-04,01:50:45,Relation added: Minecraft <-> Roblox,Admin
2025-05-04,01:50:45,Relation added: AmongUs <-> FallGuys,Admin
2025-05-04,01:50:45,Relation added: StardewValley <-> AnimalCrossing:NewHorizons,Admin
2025-05-04,01:50:45,Relation added: GodofWarRagnarok <-> GhostofTsushima,Admin
2025-05-04,01:50:45,Relation added: HorizonForbiddenWest <-> TheWitcher3:WildHunt,Admin
2025-05-04,01:50:45,Relation added: Spider-Man:MilesMorales <-> GhostofTsushima,Admin
2025-05-04,01:50:45,Relation added: ResidentEvil4 <-> DeadSpace,Admin
2025-05-04,01:50:45,Relation added: TheLastofUsPartI <-> GhostofTsushima,Admin
2025-05-04,01:50:45,Relation added: Returnal <-> Hades,Admin
2025-05-04,01:50:45,Relation added: Hades <-> DeadCells,Admin
2025-05-04,01:50:45,Relation added: DiabloIV <-> FinalFantasyXVI,Admin
2025-05-04,01:50:45,Relation added: StreetFighter6 <-> MortalKombat1,Admin
2025-05-04,01:50:45,Relation added: StreetFighter6 <-> Tekken7,Admin
2025-05-04,01:50:45,Relation added: MortalKombat1 <-> Tekken7,Admin
2025-05-04,01:50:45,Relation added: ForzaHorizon5 <-> GranTurismo7,Admin
2025-05-04,01:50:45,Relation added: SeaofThieves <-> Grounded,Admin
2025-05-04,01:52:15,Relation added: TheWitcher3:WildHunt <-> Cyberpunk2077,Admin
2025-05-04,01:52:15,Relation added: EldenRing <-> Demon'sSouls,Admin
2025-05-04,01:52:15,Relation added: GrandTheftAutoV <-> RedDeadRedemption2,Admin
2025-05-04,01:52:15,Relation added: CallofDuty:ModernWarfareII <-> Overwatch2,Admin
2025-05-04,01:52:15,Relation added: FIFA23 <-> NBA2K23,Admin
2025-05-04,01:52:15,Relation added: FIFA23 <-> MaddenNFL23,Admin
2025-05-04,01:52:15,Relation added: NBA2K23 <-> MaddenNFL23,Admin
2025-05-04,01:52:15,Relation added: Fortnite <-> PUBG,Admin
2025-05-04,01:52:15,Relation added: Valorant <-> Counter-Strike2,Admin
2025-05-04,01:52:15,Relation added: LeagueofLegends <-> Dota2,Admin
2025-05-04,01:52:15,Relation added: Minecraft <-> Roblox,Admin
2025-05-04,01:52:15,Relation added: AmongUs <-> FallGuys,Admin
2025-05-04,01:52:15,Relation added: StardewValley <-> AnimalCrossing:NewHorizons,Admin
2025-05-04,01:52:15,Relation added: GodofWarRagnarok <-> GhostofTsushima,Admin
2025-05-04,01:52:15,Relation added: HorizonForbiddenWest <-> TheWitcher3:WildHunt,Admin
2025-05-04,01:52:15,Relation added: Spider-Man:MilesMorales <-> GhostofTsushima,Admin
2025-05-04,01:52:15,Relation added: ResidentEvil4 <-> DeadSpace,Admin
2025-05-04,01:52:15,Relation added: TheLastofUsPartI <-> GhostofTsushima,Admin
2025-05-04,01:52:15,Relation added: Returnal <-> Hades,Admin
2025-05-04,01:52:15,Relation added: Hades <-> DeadCells,Admin
2025-05-04,01:52:15,Relation added: DiabloIV <-> FinalFantasyXVI,Admin
2025-05-04,01:52:15,Relation added: StreetFighter6 <-> MortalKombat1,Admin
2025-05-04,01:52:15,Relation added: StreetFighter6 <-> Tekken7,Admin
2025-05-04,01:52:15,Relation added: MortalKombat1 <-> Tekken7,Admin
2025-05-04,01:52:15,Relation added: ForzaHorizon5 <-> GranTurismo7,Admin
2025-05-04,01:52:15,Relation added: SeaofThieves <-> Grounded,Admin
2025-05-04,02:00:56,Admin 1 login,1
2025-05-04,02:01:06,Relation added: ieie1 <-> ieie2,Admin
2025-05-04,02:02:53,Admin 1 login,1
2025-05-04,02:02:59,Relation added: ieie1 <-> ieie2,Admin
2025-05-04,02:03:40,Admin 1 login,1
2025-05-04,02:04:13,Admin 1 login,1
2025-05-04,02:04:21,Relation added: ieie1 <-> ieie2,Admin
2025-05-04,02:06:33,Admin 123 login,123
2025-05-04,02:07:36,User 123 login,123
2025-05-04,02:14:22,Admin 1 login,1
2025-05-04,02:16:50,Admin 1 login,1
2025-05-04,02:19:54,Admin 1 login,1
2025-05-04,02:20:04,Relation added: ieie1 <-> ieie2,Admin
2025-05-04,02:20:28,Admin 1 login,1
2025-05-04,02:20:35,Relation added: ieie1 <-> ieie2,Admin
2025-05-04,16:31:10,User pex login,pex
2025-05-04,16:31:29,User pex login,pex
2025-05-04,16:32:48,User pex login,pex
2025-05-04,16:51:33,User pex login,pex
2025-05-04,16:51:55,Admin admin login,admin
2025-05-04,17:09:55,Admin admin login,admin
2025-05-04,17:10:07,User pex login,pex
2025-05-04,17:36:23,New user registered: ieie,ieie
2025-05-04,17:36:30,New user registered: dfvs,dfvs
2025-05-04,17:38:23,Admin ieie login,ieie
2025-05-04,17:39:00,New user registered: ieie,ieie
2025-05-04,17:39:09,New user registered: pea,pea
2025-05-04,17:43:02,New user registered: aa,aa
2025-05-04,17:44:39,User pex login,pex
2025-05-04,17:44:42,Viewed personalized recommendations,pex
2025-05-04,17:45:01,Purchased Game: Valorant ($0.00),pex
2025-05-04,17:45:34,Purchased Game: EldenRing ($59.99),pex
2025-05-04,17:45:34,Purchased Game: DiabloIV ($69.99),pex
2025-05-04,17:46:31,User pex login,pex
2025-05-04,17:47:03,Admin admin login,admin
2025-05-04,17:58:37,Admin admin login,admin
2025-05-04,17:59:55,Admin 1 login,1
2025-05-04,18:03:38,Admin 1 login,1
2025-05-04,18:04:34,Admin 1 login,1
2025-05-04,18:05:38,Admin 1 login,1
2025-05-04,18:06:50,Admin 1 login,1
2025-05-04,18:07:11,Admin 1 login,1
2025-05-04,18:09:50,Admin 1 login,1
2025-05-04,18:10:11,Admin 1 login,1
2025-05-04,18:11:33,Admin 1 login,1
2025-05-04,18:12:48,Admin 1 login,1
2025-05-04,18:13:40,Admin 1 login,1
2025-05-04,18:17:46,Admin 1 login,1
2025-05-04,18:18:15,Admin 1 login,1
2025-05-04,18:19:56,Admin 1 login,1
2025-05-04,18:21:11,Admin 1 login,1
2025-05-04,18:21:52,Admin 1 login,1
2025-05-04,18:22:27,Admin 1 login,1
2025-05-04,18:23:24,Admin 1 login,1
2025-05-04,18:25:57,Admin 1 login,1
2025-05-04,18:27:15,Admin 1 login,1
2025-05-04,18:27:50,Admin 1 login,1
2025-05-04,18:28:29,Admin 1 login,1
2025-05-04,18:31:34,Admin 1 login,1
2025-05-04,18:47:17,Admin 1 login,1
2025-05-04,18:49:50,Admin 1 login,1
2025-05-04,18:50:10,Add sdcfvjnmk,Admin
2025-05-04,18:50:47,Edit sdcfvjnmk,Admin
2025-05-04,18:51:12,Delete sdcfvjnmk,Admin
2025-05-04,18:53:49,Admin 1 login,1
2025-05-04,18:54:39,Relation added: ieie1 <-> ieie2,Admin
2025-05-04,18:56:28,Admin 1 login,1
2025-05-04,18:57:50,Admin 1 login,1
2025-05-04,19:06:27,Admin 1 login,1
2025-05-04,19:06:36,Admin 1 login,1
2025-05-04,19:09:16,Admin 1 login,1
2025-05-04,22:08:41,Admin 1 login,1
2025-05-04,22:08:53,Relation added: ieie1 <-> ieie2,Admin
